{"stats":{"minecraft:mined":{"minecraft:grass":16,"minecraft:grass_block":2,"minecraft:dirt":5},"minecraft:killed":{"minecraft:skeleton":1,"minecraft:chicken":1},"minecraft:picked_up":{"minecraft:wheat_seeds":3,"minecraft:dirt":18,"minecraft:egg":1},"minecraft:used":{"minecraft:dirt":7,"minecraft:flint_and_steel":1,"minecraft:tnt":26,"minecraft:egg":115},"minecraft:custom":{"minecraft:time_since_rest":277,"minecraft:sprint_one_cm":10174,"minecraft:play_time":11948,"minecraft:walk_one_cm":16024,"minecraft:deaths":1,"minecraft:sneak_time":36,"minecraft:mob_kills":2,"minecraft:jump":84,"minecraft:leave_game":3,"minecraft:time_since_death":245,"minecraft:total_world_time":11948,"minecraft:fall_one_cm":2357,"minecraft:fly_one_cm":51889}},"DataVersion":3465}