{"stats":{"minecraft:picked_up":{"minecraft:wheat_seeds":3,"minecraft:dirt":18,"minecraft:egg":1},"minecraft:used":{"minecraft:dirt":7,"minecraft:flint_and_steel":1,"minecraft:tnt":26,"minecraft:egg":115},"minecraft:killed":{"minecraft:skeleton":1,"minecraft:chicken":1},"minecraft:custom":{"minecraft:time_since_rest":1149,"minecraft:sprint_one_cm":14057,"minecraft:play_time":12820,"minecraft:deaths":1,"minecraft:walk_one_cm":16698,"minecraft:sneak_time":36,"minecraft:mob_kills":2,"minecraft:jump":123,"minecraft:leave_game":4,"minecraft:time_since_death":1117,"minecraft:total_world_time":12820,"minecraft:fall_one_cm":2357,"minecraft:fly_one_cm":61117},"minecraft:mined":{"minecraft:grass":16,"minecraft:grass_block":2,"minecraft:dirt":5}},"DataVersion":3465}