{"stats":{"minecraft:custom":{"minecraft:time_since_rest":25545,"minecraft:interact_with_furnace":6,"minecraft:sprint_one_cm":54756,"minecraft:damage_taken":358,"minecraft:walk_one_cm":71445,"minecraft:damage_dealt":140,"minecraft:traded_with_villager":26,"minecraft:talked_to_villager":5,"minecraft:interact_with_crafting_table":5,"minecraft:fly_one_cm":60541,"minecraft:open_chest":5,"minecraft:crouch_one_cm":215,"minecraft:play_time":25545,"minecraft:sneak_time":373,"minecraft:jump":365,"minecraft:leave_game":1,"minecraft:walk_on_water_one_cm":242,"minecraft:time_since_death":25545,"minecraft:total_world_time":25545,"minecraft:fall_one_cm":13910},"minecraft:picked_up":{"minecraft:birch_log":15,"minecraft:raw_iron":15,"minecraft:crafting_table":1,"minecraft:stick":9,"minecraft:torch":1,"minecraft:birch_planks":4,"minecraft:porkchop":4,"minecraft:oak_log":16,"minecraft:yellow_bed":1,"minecraft:carrot":1,"minecraft:dirt":7,"minecraft:hay_block":29,"minecraft:bread":1,"minecraft:oak_sapling":16,"minecraft:chest":1,"minecraft:coal":69,"minecraft:egg":1,"minecraft:cobblestone":32,"minecraft:furnace":1},"minecraft:mined":{"minecraft:hay_block":29,"minecraft:birch_planks":4,"minecraft:furnace":1,"minecraft:iron_ore":1,"minecraft:birch_log":15,"minecraft:powder_snow":15,"minecraft:yellow_bed":1,"minecraft:crafting_table":1,"minecraft:dark_oak_fence":1,"minecraft:grass_block":6,"minecraft:oak_log":18,"minecraft:chest":1,"minecraft:dirt":1,"minecraft:tall_grass":1,"minecraft:stone":32,"minecraft:oak_leaves":1,"minecraft:wall_torch":1},"minecraft:crafted":{"minecraft:apple":40,"minecraft:oak_planks":52,"minecraft:emerald":13,"minecraft:cooked_porkchop":2,"minecraft:crafting_table":2,"minecraft:stick":4,"minecraft:iron_ingot":6,"minecraft:wooden_pickaxe":1,"minecraft:stone_pickaxe":1,"minecraft:wooden_axe":1,"minecraft:furnace":1,"minecraft:torch":4,"minecraft:birch_planks":12,"minecraft:bread":18,"minecraft:air":0,"minecraft:wheat":261},"minecraft:used":{"minecraft:oak_log":3,"minecraft:wooden_axe":46,"minecraft:birch_planks":4,"minecraft:bread":3,"minecraft:stone_pickaxe":13,"minecraft:wooden_pickaxe":27,"minecraft:torch":1,"minecraft:dirt":1,"minecraft:crafting_table":2,"minecraft:cooked_porkchop":2,"minecraft:furnace":2,"minecraft:porkchop":2,"minecraft:carrot":2}},"DataVersion":3465}