{"stats":{"minecraft:killed":{"minecraft:pig":4,"minecraft:spider":1,"minecraft:skeleton":2,"minecraft:sheep":6,"minecraft:pillager":8,"endermanoverhaul:cave_enderman":1,"minecraft:zombie":5},"minecraft:custom":{"minecraft:interact_with_furnace":5,"minecraft:mob_kills":27,"minecraft:interact_with_crafting_table":8,"minecraft:leave_game":1,"minecraft:time_since_death":19021,"minecraft:time_since_rest":19048,"minecraft:sprint_one_cm":65539,"minecraft:damage_taken":870,"minecraft:walk_one_cm":41649,"minecraft:drop":19,"minecraft:damage_dealt":4903,"minecraft:swim_one_cm":564,"minecraft:fly_one_cm":65603,"minecraft:crouch_one_cm":7518,"minecraft:play_time":25538,"minecraft:deaths":1,"minecraft:sneak_time":3181,"minecraft:walk_under_water_one_cm":41,"minecraft:jump":502,"minecraft:walk_on_water_one_cm":8877,"minecraft:total_world_time":25538,"minecraft:fall_one_cm":17191},"minecraft:picked_up":{"minecraft:crafting_table":6,"minecraft:wheat":8,"minecraft:tripwire_hook":2,"minecraft:potato":10,"minecraft:oak_log":51,"minecraft:dirt":7,"minecraft:apple":3,"minecraft:wheat_seeds":2,"minecraft:iron_ingot":6,"minecraft:chest":1,"minecraft:oak_planks":5,"minecraft:furnace":1,"minecraft:stick":22,"minecraft:raw_iron":19,"minecraft:stone":1,"minecraft:porkchop":18,"minecraft:carrot":10,"minecraft:dark_oak_log":16,"minecraft:arrow":9,"minecraft:rotten_flesh":8,"minecraft:stone_axe":1,"minecraft:crossbow":3,"soulsweapons:verglas":7,"minecraft:emerald":2,"minecraft:oak_sapling":16,"minecraft:black_wool":1,"minecraft:mutton":14,"minecraft:coal":119,"minecraft:white_wool":6,"minecraft:cobblestone":42,"minecraft:ender_pearl":1},"minecraft:mined":{"minecraft:crafting_table":6,"minecraft:grass_block":2,"minecraft:chest":1,"minecraft:tall_grass":6,"minecraft:oak_planks":1,"minecraft:furnace":1,"minecraft:grass":7,"minecraft:oak_log":27,"minecraft:coal_ore":3,"minecraft:dirt":5,"minecraft:stone":27,"minecraft:oak_leaves":1},"minecraft:crafted":{"minecraft:oak_planks":40,"minecraft:crossbow":1,"minecraft:crafting_table":2,"minecraft:wooden_pickaxe":1,"minecraft:furnace":1,"minecraft:stone_axe":1,"minecraft:cooked_mutton":10,"minecraft:air":0,"minecraft:stick":16,"minecraft:iron_pickaxe":1,"minecraft:stone_pickaxe":2,"minecraft:wooden_axe":1,"soulsweapons:sting":1,"minecraft:torch":8},"minecraft:killed_by":{"minecraft:pillager":1},"minecraft:dropped":{"minecraft:porkchop":10,"minecraft:wheat_seeds":2,"minecraft:cobblestone":1,"minecraft:carrot":1,"minecraft:stick":2,"minecraft:dirt":6,"minecraft:wooden_axe":1,"minecraft:wooden_pickaxe":1,"minecraft:tripwire_hook":1},"minecraft:used":{"soulsweapons:sting":32,"minecraft:cooked_mutton":6,"minecraft:stone_pickaxe":18,"minecraft:oak_planks":10,"minecraft:wooden_pickaxe":18,"minecraft:white_wool":1,"minecraft:torch":8,"minecraft:dirt":1,"minecraft:crafting_table":7,"minecraft:carrot":9,"minecraft:oak_log":2,"minecraft:apple":2,"minecraft:iron_pickaxe":20,"minecraft:stone_axe":71,"minecraft:cobblestone":4,"minecraft:porkchop":2,"minecraft:furnace":1}},"DataVersion":3465}